<?xml version="1.0" encoding="UTF-8"?>
<metadata modelVersion="1.1.0">
  <groupId>io.springfox</groupId>
  <artifactId>springfox-swagger-ui</artifactId>
  <version>3.0.0-SNAPSHOT</version>
  <versioning>
    <snapshot>
      <timestamp>20200508.223006</timestamp>
      <buildNumber>59</buildNumber>
    </snapshot>
    <lastUpdated>20200508223057</lastUpdated>
    <snapshotVersions>
      <snapshotVersion>
        <classifier>javadoc</classifier>
        <extension>jar</extension>
        <value>3.0.0-20200508.223006-59</value>
        <updated>20200508223006</updated>
      </snapshotVersion>
      <snapshotVersion>
        <classifier>sources</classifier>
        <extension>jar</extension>
        <value>3.0.0-20200508.223006-59</value>
        <updated>20200508223006</updated>
      </snapshotVersion>
      <snapshotVersion>
        <extension>jar</extension>
        <value>3.0.0-20200508.223006-59</value>
        <updated>20200508223006</updated>
      </snapshotVersion>
      <snapshotVersion>
        <extension>pom</extension>
        <value>3.0.0-20200508.223006-59</value>
        <updated>20200508223006</updated>
      </snapshotVersion>
    </snapshotVersions>
  </versioning>
</metadata>
